<?xml version="1.0" encoding="UTF-8"?>
<PE_PROJECT_SETTINGS_DOCUMENTATION>
  <PE_product_version v="version 10.5 for Freescale Microcontrollers" />
  <PE_core_version v="Processor Expert Version 0521" />
  <CPU_Bean name="Cpu" type="MK60DN512LQ10">
    <Enabled v="N" />
    <Properties>
      <Component_name v="Cpu" />
      <CPU_type v="MK60DN512VLQ10" />
      <Initialization_priority v="minimal priority" />
      <Watchdog_disable v="yes" />
      <group name="Internal peripherals">
        <EmptySection_DummyValue />
      </group>
      <group name="Low power mode settings">
        <EmptySection_DummyValue />
      </group>
      <list name="Clock configurations" v="1">
        <group name="Clock configuration 0">
          <boolgroup name="Very low power mode" v="Disabled" />
          <enumgroup name="Clock source setting" v="configuration 0">
            <MCG_mode v="FEI" />
            <MCG_output__MHz_ v="20.971520000000" />
            <MCGIRCLK_clock__MHz_ v="0.032768" />
            <OSCERCLK_clock__MHz_ v="0" />
            <ERCLK32K__clock__kHz_ v="0.001" />
            <MCGFFCLK__kHz_ v="32.768" />
          </enumgroup>
          <group name="System clocks">
            <Core_clock_prescaler v="Auto select" />
            <Core_clock v="20.971520000000" />
            <Bus_clock_prescaler v="Auto select" />
            <Bus_clock v="20.971520000000" />
            <External_clock_prescaler v="Auto select" />
            <External_bus_clock v="10.485760000000" />
            <Flash_clock_prescaler v="Auto select" />
            <Flash_clock v="10.485760000000" />
            <enumgroup name="PLL/FLL clock selection" v="FLL clock">
              <Clock_frequency__MHz_ v="20.971520000000" />
            </enumgroup>
          </group>
        </group>
      </list>
    </Properties>
    <Methods>
      <EmptySection_DummyValue />
    </Methods>
    <Events>
      <Event_module_name v="Events" />
    </Events>
    <Compiler v="GNU C Compiler" />
    <CompilerProperties>
      <Compiler v="GNU C Compiler" />
      <boolgroup name="Generate linker file" v="yes">
        <Stack_size v="1024" />
        <Heap_size v="0" />
        <Set_memory_segments_to_default v="Click to set default &amp;gt;" />
        <Default_memory_for_interrupts v="INTERNAL RAM" />
        <Default_memory_for_code v="INTERNAL RAM" />
        <Default_memory_for_data v="INTERNAL RAM" />
        <list name="ROM/RAM Areas" v="5">
          <group name="MemoryArea0">
            <boolgroup name="ROM/RAM Area" v="Enabled">
              <Name v="m_interrupts" />
              <Qualifier v="RX" />
              <Address v="0" />
              <Size v="480" />
            </boolgroup>
          </group>
          <group name="MemoryArea1">
            <boolgroup name="ROM/RAM Area" v="Disabled" />
          </group>
          <group name="MemoryArea2">
            <boolgroup name="ROM/RAM Area" v="Enabled">
              <Name v="m_text" />
              <Qualifier v="RX" />
              <Address v="1040" />
              <Size v="523248" />
            </boolgroup>
          </group>
          <group name="MemoryArea3">
            <boolgroup name="ROM/RAM Area" v="Enabled">
              <Name v="m_data" />
              <Qualifier v="RW" />
              <Address v="536805376" />
              <Size v="65536" />
            </boolgroup>
          </group>
          <group name="MemoryArea4">
            <boolgroup name="ROM/RAM Area" v="Enabled">
              <Name v="m_data_20000000" />
              <Qualifier v="RW" />
              <Address v="536870912" />
              <Size v="65536" />
            </boolgroup>
          </group>
        </list>
      </boolgroup>
    </CompilerProperties>
  </CPU_Bean>
  <CPU_Bean name="Cpu" type="MK60DN512LQ10">
    <Enabled v="Y" />
    <Properties>
      <Component_name v="Cpu" />
      <CPU_type v="MK60DN512VLQ10" />
      <Initialization_priority v="minimal priority" />
      <Watchdog_disable v="yes" />
      <group name="Internal peripherals">
        <EmptySection_DummyValue />
      </group>
      <group name="Low power mode settings">
        <EmptySection_DummyValue />
      </group>
      <list name="Clock configurations" v="1">
        <group name="Clock configuration 0">
          <boolgroup name="Very low power mode" v="Disabled" />
          <enumgroup name="Clock source setting" v="configuration 0">
            <MCG_mode v="FEI" />
            <MCG_output__MHz_ v="20.971520000000" />
            <MCGIRCLK_clock__MHz_ v="0.032768" />
            <OSCERCLK_clock__MHz_ v="0" />
            <ERCLK32K__clock__kHz_ v="0.001" />
            <MCGFFCLK__kHz_ v="32.768" />
          </enumgroup>
          <group name="System clocks">
            <Core_clock_prescaler v="Auto select" />
            <Core_clock v="20.971520000000" />
            <Bus_clock_prescaler v="Auto select" />
            <Bus_clock v="20.971520000000" />
            <External_clock_prescaler v="Auto select" />
            <External_bus_clock v="10.485760000000" />
            <Flash_clock_prescaler v="Auto select" />
            <Flash_clock v="10.485760000000" />
            <enumgroup name="PLL/FLL clock selection" v="FLL clock">
              <Clock_frequency__MHz_ v="20.971520000000" />
            </enumgroup>
          </group>
        </group>
      </list>
    </Properties>
    <Methods>
      <EmptySection_DummyValue />
    </Methods>
    <Events>
      <Event_module_name v="Events" />
    </Events>
    <Compiler v="GNU C Compiler" />
    <CompilerProperties>
      <Compiler v="GNU C Compiler" />
      <enumgroup name="Unhandled vectors" v="One handler for all">
        <Unhandled_int_code>
          <StrgList><![CDATA[/* This code can be changed using the CPU component property "Build Options / Unhandled int code" */
PE_DEBUGHALT();
]]></StrgList>
        </Unhandled_int_code>
      </enumgroup>
      <group name="User initialization">
        <User_data_declarations>
          <StrgList></StrgList>
        </User_data_declarations>
        <User_code_before_PE_initialization>
          <StrgList></StrgList>
        </User_code_before_PE_initialization>
        <User_code_after_PE_initialization>
          <StrgList></StrgList>
        </User_code_after_PE_initialization>
      </group>
      <boolgroup name="Generate debugger files" v="no" />
      <group name="Startup">
        <Add_startup_file v="yes" />
      </group>
      <boolgroup name="Generate linker file" v="yes">
        <Stack_size v="1024" />
        <Heap_size v="0" />
        <Set_memory_segments_to_default v="Click to set default &amp;gt;" />
        <Default_memory_for_interrupts v="INTERNAL FLASH" />
        <Default_memory_for_code v="INTERNAL FLASH" />
        <Default_memory_for_data v="INTERNAL RAM" />
        <list name="ROM/RAM Areas" v="5">
          <group name="MemoryArea0">
            <boolgroup name="ROM/RAM Area" v="Enabled">
              <Name v="m_interrupts" />
              <Qualifier v="RX" />
              <Address v="0" />
              <Size v="480" />
            </boolgroup>
          </group>
          <group name="MemoryArea1">
            <boolgroup name="ROM/RAM Area" v="Disabled" />
          </group>
          <group name="MemoryArea2">
            <boolgroup name="ROM/RAM Area" v="Enabled">
              <Name v="m_text" />
              <Qualifier v="RX" />
              <Address v="1040" />
              <Size v="523248" />
            </boolgroup>
          </group>
          <group name="MemoryArea3">
            <boolgroup name="ROM/RAM Area" v="Enabled">
              <Name v="m_data" />
              <Qualifier v="RW" />
              <Address v="536805376" />
              <Size v="65536" />
            </boolgroup>
          </group>
          <group name="MemoryArea4">
            <boolgroup name="ROM/RAM Area" v="Enabled">
              <Name v="m_data_20000000" />
              <Qualifier v="RW" />
              <Address v="536870912" />
              <Size v="65536" />
            </boolgroup>
          </group>
        </list>
      </boolgroup>
    </CompilerProperties>
  </CPU_Bean>
  <Bean name="MCUC1" type="McuLibConfig">
    <Enabled v="Y" />
    <Properties>
      <Component_name v="MCUC1" />
      <SDK v="Processor Expert" />
      <SDK_Major_Version v="2" />
      <SDK_Minor_Version v="5" />
      <SDK_Build_Version v="0" />
      <Config_Files_Folder v="" />
    </Properties>
    <Methods>
      <Init v="generate code" />
      <Deinit v="generate code" />
    </Methods>
    <Events>
      <EmptySection_DummyValue />
    </Events>
  </Bean>
  <Bean name="UTIL1" type="Utility">
    <Enabled v="Y" />
    <Properties>
      <Component_name v="UTIL1" />
      <SDK v="MCUC1" />
    </Properties>
    <Methods>
      <strcpy v="generate code" />
      <strcat v="generate code" />
      <strcatPad v="generate code" />
      <chcat v="generate code" />
      <Num8sToStr v="generate code" />
      <Num8uToStr v="generate code" />
      <Num16sToStr v="generate code" />
      <Num16uToStr v="generate code" />
      <Num32uToStr v="generate code" />
      <Num32sToStr v="generate code" />
      <NumFloatToStr v="generate code" />
      <Num16sToStrFormatted v="generate code" />
      <Num16uToStrFormatted v="generate code" />
      <Num32uToStrFormatted v="generate code" />
      <Num32sToStrFormatted v="generate code" />
      <strcatNum8u v="generate code" />
      <strcatNum8s v="generate code" />
      <strcatNum16u v="generate code" />
      <strcatNum16s v="generate code" />
      <strcatNum32u v="generate code" />
      <strcatNum32s v="generate code" />
      <strcatNum16uFormatted v="generate code" />
      <strcatNum16sFormatted v="generate code" />
      <strcatNum32uFormatted v="generate code" />
      <strcatNum32sFormatted v="generate code" />
      <strcatNumHex v="generate code" />
      <strcatNum8Hex v="generate code" />
      <strcatNum16Hex v="generate code" />
      <strcatNum24Hex v="generate code" />
      <strcatNum32Hex v="generate code" />
      <strcatNum32sDotValue100 v="generate code" />
      <strcatNumFloat v="generate code" />
      <IsLeapYear v="generate code" />
      <WeekDay v="generate code" />
      <ReadEscapedName v="generate code" />
      <xatoi v="generate code" />
      <ScanDate v="generate code" />
      <ScanTime v="generate code" />
      <ScanDecimal8uNumber v="generate code" />
      <ScanDecimal8sNumber v="generate code" />
      <ScanDecimal16uNumber v="generate code" />
      <ScanDecimal16sNumber v="generate code" />
      <ScanDecimal32uNumber v="generate code" />
      <ScanDecimal32sNumber v="generate code" />
      <ScanDecimal32sDotNumber v="generate code" />
      <ScanHex8uNumber v="generate code" />
      <ScanHex8uNumberNoPrefix v="generate code" />
      <ScanHex16uNumber v="generate code" />
      <ScanHex32uNumber v="generate code" />
      <ScanSeparatedNumbers v="generate code" />
      <ScanDoubleQuotedString v="generate code" />
      <strcmp v="generate code" />
      <strncmp v="generate code" />
      <strFind v="generate code" />
      <strtailcmp v="generate code" />
      <strlen v="generate code" />
      <strCutTail v="generate code" />
      <GetValue16LE v="generate code" />
      <GetValue24LE v="generate code" />
      <GetValue32LE v="generate code" />
      <SetValue16LE v="generate code" />
      <SetValue24LE v="generate code" />
      <SetValue32LE v="generate code" />
      <map v="generate code" />
      <map64 v="generate code" />
      <constrain v="generate code" />
      <random v="generate code" />
      <randomSetSeed v="generate code" />
      <Deinit v="generate code" />
      <Init v="generate code" />
    </Methods>
    <Events>
      <EmptySection_DummyValue />
    </Events>
  </Bean>
  <Bean name="FRTOS1" type="FreeRTOS">
    <Enabled v="Y" />
    <Properties>
      <Component_name v="FRTOS1" />
      <RTOS_Version v="V10.2.1" />
      <SDK v="MCUC1" />
      <boolgroup name="Kinetis SDK" v="Disabled" />
      <group name="Custom Port">
        <Compiler v="automatic" />
        <boolgroup name="Source Folders" v="Disabled" />
        <boolgroup name="Custom portBASE_TYPE" v="Disabled" />
      </group>
      <Classic_CodeWarrior v="no" />
      <Disabled_Interrupts_in_Startup v="yes" />
      <configASSERT v="yes" />
      <Application_Task_Tags v="no" />
      <Thread_Local_Storage_Pointers v="0" />
      <Use_Trace_Facility v="no" />
      <group name="Debug Helpers">
        <Enable_GDB_Debug_Helper v="no" />
        <Backward_Compatibility v="no" />
        <LinkTimeOptimizer_Helper v="yes" />
        <uxTopUsedPriority v="yes" />
        <Heap_Indication_Constant v="yes" />
        <Task_C_Additions v="yes" />
        <Record_Stack_High_Address v="yes" />
      </group>
      <boolgroup name="Segger System Viewer Trace" v="Disabled" />
      <boolgroup name="Percepio Trace" v="Disabled" />
      <Custom_FreeRTOSConfig_h v="// #include &amp;quot;CustomFreeRTOSSettings.h" />
      <boolgroup name="Generate Runtime Statistics" v="Disabled" />
      <group name="Scheduler">
        <boolgroup name="ColdFire V1" v="Disabled" />
        <boolgroup name="ColdFire V2" v="Disabled" />
        <boolgroup name="ARM Cortex-M" v="Enabled">
          <ARM_Family v="Cortex-M4" />
          <Max_SysCall_Interrupt_Priority v="5" />
          <RTOS_Interrupt_Priority v="15" />
          <Lowest_Interrupt_Priority v="15" />
          <Compiler_Optimization_Level v="0" />
          <Reset_MSP v="yes" />
          <MPU v="no" />
          <boolgroup name="SysTick" v="Enabled">
            <Core_Clock v="yes" />
          </boolgroup>
          <boolgroup name="Low Power Timer" v="Disabled" />
        </boolgroup>
        <boolgroup name="non-LDD SWI" v="Disabled" />
        <Preemptive v="yes" />
        <Optimized_Task_Selection v="yes" />
        <Time_Slicing v="yes" />
        <Use_Co_Routines v="no" />
        <Idle_should_yield v="yes" />
        <Task_Name_Length v="12" />
        <Minimal_Stack_Size v="200" />
        <Maximum_Priorities v="6" />
        <Maximum_Coroutine_Priorities v="2" />
        <Stackoverflow_checking_method v="Method 1" />
        <Cleanup_Resources v="yes" />
        <TaskExitError_Handler v="no" />
      </group>
      <group name="Ticks">
        <boolgroup name="Tickless Idle Mode" v="Disabled" />
        <Tick_Rate__Hz_ v="100" />
        <Use_16bit_ticks v="no" />
        <boolgroup name="non-LDD Tick" v="Disabled" />
        <boolgroup name="LDD Tick" v="Disabled" />
      </group>
      <group name="Queues">
        <Queue_Registry_Size v="5" />
        <Queue_Sets v="no" />
      </group>
      <group name="Semaphores and Mutexes">
        <Use_Mutexes v="yes" />
        <Use_Recursive_Mutexes v="yes" />
      </group>
      <boolgroup name="Timers" v="Disabled" />
      <group name="Memory">
        <boolgroup name="Dynamic Allocation" v="Enabled">
          <Application_allocated_Heap v="no" />
          <Heap_Size v="2048" />
          <Linker_Heap_Base_Symbol v="__HeapBase" />
          <Linker_Heap_Limit_Symbol v="__HeapLimit" />
          <Linker_Heap_Size_Symbol v="__heap_size" />
          <Memory_Allocation_Scheme v="Scheme 4: merge free blocks" />
        </boolgroup>
        <boolgroup name="Static Allocation" v="Disabled" />
        <boolgroup name="User Memory Section" v="Disabled" />
      </group>
      <group name="RTOS Adaptor">
        <group name="Memory allocation">
          <boolgroup name="User function for memory allocation" v="no" />
          <boolgroup name="User function for memory deallocation" v="no" />
        </group>
        <group name="Critical section">
          <boolgroup name="User function for entering critical section" v="no" />
          <boolgroup name="User function for exiting critical section" v="no" />
        </group>
      </group>
      <boolgroup name="Shell" v="Disabled" />
      <Utility v="UTIL1" />
    </Properties>
    <Methods>
      <xTaskCreate v="generate code" />
      <xTaskCreateStatic v="generate code" />
      <vTaskDelete v="don&amp;apos;t generate code" />
      <vTaskStartScheduler v="generate code" />
      <vTaskEndScheduler v="don&amp;apos;t generate code" />
      <vTaskSuspend v="generate code" />
      <vTaskSuspendAll v="generate code" />
      <vTaskResume v="generate code" />
      <xTaskResumeAll v="generate code" />
      <xTaskResumeFromISR v="generate code" />
      <vTaskStepTick v="don&amp;apos;t generate code" />
      <xTaskAbortDelay v="don&amp;apos;t generate code" />
      <taskYIELD v="generate code" />
      <taskENTER_CRITICAL v="generate code" />
      <taskEXIT_CRITICAL v="generate code" />
      <taskDISABLE_INTERRUPTS v="generate code" />
      <taskENABLE_INTERRUPTS v="generate code" />
      <vTaskDelay v="generate code" />
      <vTaskDelayUntil v="generate code" />
      <uxTaskPriorityGet v="generate code" />
      <xTaskGetTickCount v="generate code" />
      <xTaskGetTickCountFromISR v="generate code" />
      <vTaskPrioritySet v="generate code" />
      <xSemaphoreCreateBinary v="generate code" />
      <xSemaphoreCreateBinaryStatic v="generate code" />
      <xSemaphoreCreateCounting v="generate code" />
      <xSemaphoreCreateCountingStatic v="generate code" />
      <xSemaphoreGive v="generate code" />
      <xSemaphoreTake v="generate code" />
      <uxSemaphoreGetCount v="generate code" />
      <xSemaphoreGiveFromISR v="generate code" />
      <xSemaphoreTakeFromISR v="generate code" />
      <xSemaphoreGetMutexHolder v="generate code" />
      <xSemaphoreCreateMutex v="generate code" />
      <xSemaphoreCreateMutexStatic v="generate code" />
      <xSemaphoreCreateRecursiveMutex v="generate code" />
      <xSemaphoreCreateRecursiveMutexStatic v="generate code" />
      <xSemaphoreTakeRecursive v="generate code" />
      <xSemaphoreGiveRecursive v="generate code" />
      <vSemaphoreDelete v="generate code" />
      <pvPortMalloc v="generate code" />
      <vPortFree v="generate code" />
      <xPortGetFreeHeapSize v="generate code" />
      <vTaskSetApplicationTaskTag v="don&amp;apos;t generate code" />
      <xTaskGetApplicationTaskTag v="don&amp;apos;t generate code" />
      <xTaskCallApplicationTaskHook v="don&amp;apos;t generate code" />
      <xTaskGetCurrentTaskHandle v="generate code" />
      <xTaskGetIdleTaskHandle v="generate code" />
      <xTaskGetHandle v="generate code" />
      <pcTaskGetTaskName v="generate code" />
      <eTaskGetState v="don&amp;apos;t generate code" />
      <xTaskGetSchedulerState v="generate code" />
      <vTaskList v="don&amp;apos;t generate code" />
      <uxTaskGetStackHighWaterMark v="generate code" />
      <uxTaskGetNumberOfTasks v="generate code" />
      <vTaskGetRunTimeStats v="don&amp;apos;t generate code" />
      <uxQueueMessagesWaiting v="generate code" />
      <uxQueueMessagesWaitingfromISR v="generate code" />
      <xQueueCreate v="generate code" />
      <xQueueCreateStatic v="generate code" />
      <vQueueDelete v="generate code" />
      <xQueueReset v="generate code" />
      <xQueueSendToBack v="generate code" />
      <xQueueSendToFront v="generate code" />
      <xQueueReceive v="generate code" />
      <xQueueOverwrite v="generate code" />
      <xQueueOverwriteFromISR v="generate code" />
      <xQueuePeek v="generate code" />
      <xQueuePeekFromISR v="generate code" />
      <xQueueSendToBackFromISR v="generate code" />
      <xQueueSendToFrontFromISR v="generate code" />
      <xQueueReceiveFromISR v="generate code" />
      <vQueueAddToRegistry v="generate code" />
      <vQueueUnregisterQueue v="generate code" />
      <xQueueIsQueueFullFromISR v="generate code" />
      <xQueueIsQueueEmptyFromISR v="generate code" />
      <xQueueCreateSet v="don&amp;apos;t generate code" />
      <xQueueAddToSet v="don&amp;apos;t generate code" />
      <xQueueRemoveFromSet v="don&amp;apos;t generate code" />
      <xQueueSelectFromSet v="don&amp;apos;t generate code" />
      <xQueueSelectFromSetFromISR v="don&amp;apos;t generate code" />
      <xEventGroupCreate v="generate code" />
      <xEventGroupCreateStatic v="generate code" />
      <xEventGroupWaitBits v="generate code" />
      <xEventGroupSetBits v="generate code" />
      <xEventGroupSetBitsFromISR v="generate code" />
      <xEventGroupClearBits v="generate code" />
      <xEventGroupClearBitsFromISR v="generate code" />
      <xEventGroupGetBits v="generate code" />
      <xEventGroupGetBitsFromISR v="generate code" />
      <xEventGroupSync v="generate code" />
      <xTimerCreate v="generate code" />
      <xTimerCreateStatic v="don&amp;apos;t generate code" />
      <xTimerIsTimerActive v="generate code" />
      <xTimerStart v="generate code" />
      <xTimerStop v="generate code" />
      <xTimerChangePeriod v="generate code" />
      <xTimerDelete v="generate code" />
      <xTimerReset v="generate code" />
      <xTimerStartFromISR v="generate code" />
      <xTimerStopFromISR v="generate code" />
      <xTimerChangePeriodFromISR v="generate code" />
      <xTimerResetFromISR v="generate code" />
      <pvTimerGetTimerID v="generate code" />
      <xTimerGetTimerDaemonTaskHandle v="generate code" />
      <pcTimerGetTimerName v="generate code" />
      <xTimerPendFunctionCall v="generate code" />
      <xTimerPendFunctionCallFromISR v="generate code" />
      <xTaskNotifyGive v="generate code" />
      <vTaskNotifyGiveFromISR v="generate code" />
      <ulTaskNotifyTake v="generate code" />
      <xTaskNotify v="generate code" />
      <xTaskNotifyFromISR v="generate code" />
      <xTaskNotifyAndQuery v="generate code" />
      <xTaskNotifyAndQueryFromISR v="generate code" />
      <xTaskNotifyWait v="generate code" />
      <xTaskNotifyStateClear v="generate code" />
      <vTaskSetThreadLocalStoragePointer v="generate code" />
      <pvTaskGetThreadLocalStoragePointer v="generate code" />
      <pcTaskGetName v="generate code" />
      <vTaskGetInfo v="generate code" />
      <ParseCommand v="don&amp;apos;t generate code" />
      <AppConfigureTimerForRuntimeStats v="generate code" />
      <AppGetRuntimeCounterValueFromISR v="generate code" />
      <Deinit v="generate code" />
      <Init v="generate code" />
    </Methods>
    <Events>
      <Event_module_name v="Events" />
      <event name="vApplicationStackOverflowHook" v="generate code">
        <Event_procedure_name v="FRTOS1_vApplicationStackOverflowHook" />
      </event>
      <event name="vApplicationTickHook" v="generate code">
        <Event_procedure_name v="FRTOS1_vApplicationTickHook" />
      </event>
      <event name="vApplicationIdleHook" v="generate code">
        <Event_procedure_name v="FRTOS1_vApplicationIdleHook" />
      </event>
      <event name="vApplicationMallocFailedHook" v="generate code">
        <Event_procedure_name v="FRTOS1_vApplicationMallocFailedHook" />
      </event>
      <event name="vOnPreSleepProcessing" v="generate code">
        <Event_procedure_name v="FRTOS1_vOnPreSleepProcessing" />
      </event>
      <event name="vOnPostSleepProcessing" v="generate code">
        <Event_procedure_name v="FRTOS1_vOnPostSleepProcessing" />
      </event>
    </Events>
  </Bean>
  <Bean name="Bit1" type="BitIO">
    <Enabled v="Y" />
    <Properties>
      <Component_name v="Bit1" />
      <Pin_for_I_O v="ADC1_SE11/PTB5/ENET0_1588_TMR3/FTM2_FLT0" />
      <inhrbean type="BitIO_LDD">
        <Enabled v="Y" />
        <Template v="BitIO_LDD" />
        <Properties>
          <Component_name v="BitIoLdd1" />
          <Pin_for_I_O v="ADC1_SE11/PTB5/ENET0_1588_TMR3/FTM2_FLT0" />
          <Direction v="Output" />
          <group name="Initialization">
            <Init__direction v="Output" />
            <Init__value v="0" />
            <Auto_initialization v="yes" />
          </group>
          <Safe_mode v="yes" />
        </Properties>
        <Methods>
          <Init v="generate code" />
          <Deinit v="don&amp;apos;t generate code" />
          <GetDir v="don&amp;apos;t generate code" />
          <SetDir v="don&amp;apos;t generate code" />
          <SetInput v="don&amp;apos;t generate code" />
          <SetOutput v="don&amp;apos;t generate code" />
          <GetVal v="generate code" />
          <PutVal v="generate code" />
          <ClrVal v="generate code" />
          <SetVal v="generate code" />
          <NegVal v="don&amp;apos;t generate code" />
          <ConnectPin v="don&amp;apos;t generate code" />
          <GetRawVal v="don&amp;apos;t generate code" />
        </Methods>
        <Events>
          <EmptySection_DummyValue />
        </Events>
      </inhrbean>
      <Direction v="Output" />
      <group name="Initialization">
        <Init__direction v="Output" />
        <Init__value v="0" />
      </group>
      <Safe_mode v="yes" />
      <Optimization_for v="speed" />
    </Properties>
    <Methods>
      <GetDir v="don&amp;apos;t generate code" />
      <SetDir v="don&amp;apos;t generate code" />
      <SetInput v="don&amp;apos;t generate code" />
      <SetOutput v="don&amp;apos;t generate code" />
      <GetVal v="generate code" />
      <PutVal v="generate code" />
      <ClrVal v="generate code" />
      <SetVal v="generate code" />
      <NegVal v="don&amp;apos;t generate code" />
      <ConnectPin v="don&amp;apos;t generate code" />
      <GetRawVal v="don&amp;apos;t generate code" />
    </Methods>
    <Events>
      <EmptySection_DummyValue />
    </Events>
  </Bean>
  <Bean name="Bit2" type="BitIO">
    <Enabled v="Y" />
    <Properties>
      <Component_name v="Bit2" />
      <Pin_for_I_O v="PTE10/UART5_CTS_b/I2S0_TXD0/FB_AD2" />
      <inhrbean type="BitIO_LDD">
        <Enabled v="Y" />
        <Template v="BitIO_LDD" />
        <Properties>
          <Component_name v="BitIoLdd2" />
          <Pin_for_I_O v="PTE10/UART5_CTS_b/I2S0_TXD0/FB_AD2" />
          <Direction v="Input" />
          <group name="Initialization">
            <Init__direction v="Input" />
            <Init__value v="0" />
            <Auto_initialization v="yes" />
          </group>
          <Safe_mode v="yes" />
        </Properties>
        <Methods>
          <Init v="generate code" />
          <Deinit v="don&amp;apos;t generate code" />
          <GetDir v="don&amp;apos;t generate code" />
          <SetDir v="don&amp;apos;t generate code" />
          <SetInput v="don&amp;apos;t generate code" />
          <SetOutput v="don&amp;apos;t generate code" />
          <GetVal v="generate code" />
          <PutVal v="don&amp;apos;t generate code" />
          <ClrVal v="don&amp;apos;t generate code" />
          <SetVal v="don&amp;apos;t generate code" />
          <NegVal v="don&amp;apos;t generate code" />
          <ConnectPin v="don&amp;apos;t generate code" />
          <GetRawVal v="don&amp;apos;t generate code" />
        </Methods>
        <Events>
          <EmptySection_DummyValue />
        </Events>
      </inhrbean>
      <Direction v="Input" />
      <group name="Initialization">
        <Init__direction v="Input" />
        <Init__value v="0" />
      </group>
      <Safe_mode v="yes" />
      <Optimization_for v="speed" />
    </Properties>
    <Methods>
      <GetDir v="don&amp;apos;t generate code" />
      <SetDir v="don&amp;apos;t generate code" />
      <SetInput v="don&amp;apos;t generate code" />
      <SetOutput v="don&amp;apos;t generate code" />
      <GetVal v="generate code" />
      <PutVal v="don&amp;apos;t generate code" />
      <ClrVal v="don&amp;apos;t generate code" />
      <SetVal v="don&amp;apos;t generate code" />
      <NegVal v="don&amp;apos;t generate code" />
      <ConnectPin v="don&amp;apos;t generate code" />
      <GetRawVal v="don&amp;apos;t generate code" />
    </Methods>
    <Events>
      <EmptySection_DummyValue />
    </Events>
  </Bean>
</PE_PROJECT_SETTINGS_DOCUMENTATION>

